id_cliente,idade,renda_mensal,tempo_conta_meses,uso_cartao,uso_pix,solicitou_emprestimo,churn
bc82314f-5954-4bec-8405-2b82d30f80cc,56,19962,9,11,40,0,0
db66e83b-8c89-4fd3-b30b-b62dc3ea4cdc,46,6805,8,27,15,0,0
a780d137-616d-4867-89b6-d0e8b9216938,32,3137,33,29,67,0,0
6a4ea9c2-25c8-473a-a17a-ba6e48e1258f,60,10030,59,25,98,0,1
8b4b98bd-8f90-4430-ab58-9b593c8d91aa,25,2860,6,47,47,1,1
4896c8f4-130d-4ef9-8f09-1e5741940b95,38,12086,41,20,55,1,0
5a20cebb-2d2a-4524-bc3d-5d3415757e6e,56,19896,39,27,63,0,1
ae6e24ef-9f4d-43dd-ac58-c7e6000eeec0,36,15749,4,25,58,0,1
195301c2-0823-4cc4-8400-f49dfb7ee77c,40,5008,13,32,89,0,0
2f900e01-a01e-4b75-96db-1a26b9504521,28,10828,49,20,61,1,0
e5f61a34-a53f-4cd3-a814-1f2e18b997af,28,9502,2,34,75,1,0
87754e5a-002b-4968-90b8-61f136c7d562,41,19506,5,33,10,0,1
8fd6811e-2dc8-4b73-aa88-f164b7943816,53,13737,44,40,88,1,0
f4e178ab-62a6-4279-93f6-0d5fc4b1ad43,57,1753,27,46,17,0,1
2183f007-c8ed-458f-9486-59f03ae41e26,41,11679,32,17,18,0,0
ca9dcb9e-09e1-4e41-ade1-f62937d4e140,20,3426,21,10,86,0,1
f63f614b-d432-439a-bb1b-b33b7ebe22a8,39,10085,8,22,54,0,0
eb4a47f0-2185-4f2b-b4dc-158c0eb86648,19,5048,38,47,81,0,0
6c3f6fd1-0510-453f-81dc-4c2aecf19eb3,41,6774,8,21,25,0,1
759eb46c-a780-494a-a47d-d7569952d89e,61,9680,50,16,5,0,1
f396edad-dcb9-46be-af46-21da8ab59de4,47,6933,3,4,3,1,1
ead09b59-0d7a-4bff-b583-61c2465ddd9b,55,4909,54,43,28,0,0
d40d7b35-3ef6-4dfa-a0a6-ef5584fd5410,19,12675,44,10,58,0,0
ac52c366-718b-40df-8bfb-bf752a01388f,38,7469,58,29,97,0,0
1033d5aa-ec35-4671-85b8-422d8bf685d1,50,9525,3,14,16,0,0
abeb56d7-712a-46c6-aa9a-eb8bf778732b,29,10582,22,26,42,0,0
d456f201-11d1-4e51-83c8-9c7654ad81b0,39,17042,6,34,79,0,0
e87d2f65-c122-4a43-9248-3f29fa63208d,61,1595,2,32,65,0,0
e96cc265-d083-48d0-809e-fde683d486de,42,9095,23,19,33,0,1
3ae3f15a-8e10-4336-99e7-d6e3da02ccc4,44,18502,44,15,7,0,0
7936139b-48d9-403d-ac64-0fa350133d1d,59,15578,2,33,12,0,0
fb865883-5771-4725-8125-c1bda7bb9a77,45,18967,38,1,7,0,0
c9d3b208-4bb9-496f-88f3-de734715d380,33,12053,17,34,93,0,0
2ef86fb3-708b-4a75-9b6d-f2aedfdf1b2c,32,11028,35,39,95,0,0
07106b34-fb29-4bca-8e83-5486542516cf,64,8461,34,27,99,1,1
f4f903d7-bf4d-4efb-8188-6f3048dcc247,61,13472,23,46,93,0,1
c2059093-1ef3-45cc-839b-24e28bde0f4a,20,9322,30,38,64,0,1
c8b67541-9633-4d31-9ef4-aa2f27fffcd9,54,8083,52,5,42,0,1
717c5581-8ecb-4c5d-a99e-4d84522ddf97,24,7502,8,8,38,0,0
4b484c96-fc80-4c33-b97c-cc9cd1792a3c,38,6188,22,19,80,0,0
9c9b9dd7-4965-492c-b98c-bc10ca209ef5,26,10702,44,0,58,1,0
8171ab7c-efa8-483e-9239-43e00758f846,56,3710,58,7,83,1,0
68238f68-218b-46a0-9d85-128e46f6b0ad,35,2766,36,22,87,1,0
ba917c32-2557-4646-a035-9d0bd9194977,21,12764,5,2,85,0,0
5303eae2-c48b-4e14-8b7a-b59845930624,42,14308,13,3,92,0,0
00dee614-cc2f-4927-9105-4f18ba13f4b6,31,19899,29,24,85,0,0
51e5937f-fa7c-4952-96dc-5d8632dbab3e,26,5205,31,46,43,0,0
3e538626-54f0-451c-8431-8ceefaefbb11,43,5536,47,37,8,0,0
db9c1771-145d-4a79-8577-48a3a2c82ad8,19,12820,57,14,36,0,0
9a808c16-c494-468e-821d-db6cf584aa0e,37,3488,55,20,73,1,0
30f33df9-f9aa-4b5d-a075-5b8f5cb94752,45,9907,16,34,35,0,0
d685f2d9-46b7-4706-8523-b9815fe75348,64,19104,42,45,91,0,1
49499eb9-2028-487c-9c09-29a258a71003,24,16892,30,13,27,0,0
4cba31a9-2717-4e1f-b964-a1af7b265eb5,61,7306,57,35,41,0,0
4ab86023-ae0b-4647-bfcc-3b333cd9f1b9,25,6926,55,11,42,0,1
c2dec8f8-9568-4eee-8bbd-e2cf5b12e12d,64,10964,16,16,84,0,0
edb8ff86-b0b5-4f07-87ba-db2c9df13c8a,52,2440,12,38,87,0,0
49aae024-7fec-43bd-ad6a-0e6a31696265,31,1937,17,8,41,0,0
cc4b11d5-2a64-457f-b30d-364166c1a4c5,34,12307,16,34,65,1,0
3a0047ad-ef67-4581-8a2b-6532ddf5263b,53,2638,12,12,54,1,1
5961dfd2-3f5a-49f6-a9d9-67f193f0b8e2,57,12778,8,14,71,0,1
a4b0dd17-741f-453a-872e-ae225ec08c70,21,18852,20,17,47,0,0
23cd09d6-8b65-4f34-a7dc-345925de6c92,19,3854,3,32,90,1,0
028dc011-96ea-4460-9c9b-4aee3da172b9,23,6891,16,5,21,1,0
6e09af78-14ae-478f-a595-7b0aa4e25b19,59,3761,30,26,26,0,0
8e627096-58d2-4bdb-aef1-7d85a4092b2c,21,6130,45,22,92,0,0
91f9ff00-eb5c-462b-9d52-779e73b6c861,46,15464,23,26,66,0,0
8aebb12f-efde-4277-b15a-2b810a0c1bd4,35,19767,28,33,12,1,0
176a67ed-b8e7-4efe-bb1b-9f5e21355221,43,12622,51,45,44,1,0
60de65f1-3534-4ceb-b4ae-7ddc8425d833,61,14947,40,37,9,0,0
ee05407f-4a29-44f3-96c5-744612230476,51,7889,54,13,99,1,0
7e48b85d-3f0b-432f-a1c9-185194c05c62,27,7877,5,35,8,0,0
e9125fa2-9d5b-471c-a1b0-3a010d286688,53,9381,20,7,53,1,1
b5abbf5e-776d-46e0-821d-85e5397580b1,31,4746,40,34,26,0,0
90633a77-64ec-4d43-ab19-a5bbbb46f2bb,48,15900,56,18,33,1,0
38a1b640-3258-4b40-96f8-4367cb1d958c,32,4409,44,29,0,0,1
456164de-e9b6-4643-8f07-ce1f202ce748,25,5274,1,13,31,0,0
e530acb8-179a-444e-9190-f7d7c051ea20,31,17288,57,19,88,0,0
f8df3d9e-7930-40e2-aa26-3b5322b70f6c,40,17996,30,48,92,1,0
f7b5e290-3fd6-4ac8-900c-21d4ab7699dd,57,4192,21,24,70,1,0
9d5e37ae-334f-4cf8-b100-e26b16c84689,38,8416,20,39,66,1,0
95f23acb-1042-485b-9457-8bad0ef190fd,33,11665,6,23,83,1,0
0309ed44-e301-4243-85fc-e7ba22be55e7,62,2311,22,13,19,0,0
f69307d7-6071-42ff-8dff-79625c642662,35,3634,18,25,93,0,1
07023825-a406-4dc0-a0b9-2dfcab89e08e,64,7297,8,37,34,0,0
6c2526d7-b9e4-4da0-b290-1c3f830973be,41,13816,39,22,98,0,0
f684be08-d7b0-4cec-88ea-a9261800d38a,43,15671,32,21,90,0,1
256dbc62-4e18-4aa9-92f7-c3018c98add2,42,12629,33,47,89,0,0
f3b5dfea-df6e-4979-9209-a4dc30cb45ad,62,12307,53,18,77,0,1
e7316e45-5436-4b76-97bd-790e3ff1c116,58,12915,16,45,16,0,0
d9ea6711-5a42-4c96-80d3-86bbd33946a8,46,14517,12,2,17,0,1
00285155-513a-4c55-923e-fcde5919bf8b,32,2332,38,41,44,0,0
9331faf1-6039-4010-9ae0-669e4f05d54c,62,18247,52,18,92,1,1
478d4b25-94ac-4cea-91de-4870b0da1b11,18,12059,34,8,83,0,1
6f70b776-42de-4a14-a6bb-c3aa9c724a5d,42,3961,14,27,52,1,0
863b7fac-e35b-4fd4-95c8-c6ed38a1105c,24,11975,36,19,90,0,0
17ab7ef5-f3d1-4ac4-95a8-2dc469cff9dd,26,11898,33,44,81,0,0
ee51a4f9-c3cf-4333-9303-103affa9e983,41,9301,23,6,67,0,0
65eee7a1-0359-4099-b3ad-515d35cd26c3,18,12991,50,13,64,0,0
a8f43862-6cf4-463c-96c0-2b15a40d84a3,61,18886,45,8,0,0,0
2bda73e4-e76e-4f3f-ae2a-71ac2166a4ce,25,16846,2,18,57,0,0
1ad30c4c-041b-4fa8-8a1b-954a1c084d62,41,2345,41,46,25,0,0
6220bba6-32e3-463e-8a06-4bda9b18ede4,28,8665,21,13,19,0,0
6c7323cc-f13a-4ba8-8b61-1edbc858d699,34,5969,2,37,86,0,0
b9008a3c-423a-4105-93c7-960b1b4ef5bc,25,16861,27,35,9,0,0
bcc7eaa6-24ec-46cf-952d-0f5570a854eb,52,15153,57,39,58,0,0
5770a62a-af57-441c-a161-2cd05520f240,52,7477,9,16,74,0,0
6e0230f0-cd08-46aa-beac-73fc312751c4,50,1644,1,29,40,1,0
2bdba583-936b-413e-923b-09be740d477f,22,10313,11,8,4,0,0
8ea0eacd-8ae2-410d-a268-73959ac52d11,59,13159,3,32,64,0,0
13264924-8c3d-4b36-a670-323aa30d2da3,56,8714,52,24,16,1,0
16b63c36-58aa-4a20-b42d-06bfa828dfb5,58,13077,23,13,21,0,1
96224d1d-3da1-4532-affe-65476c8c2391,45,4886,26,10,97,0,0
9ccc013b-6406-41ca-88fd-474ac179406d,24,5315,4,34,40,0,0
d377ea7e-f4c4-4f35-8ead-b013e38d4d85,26,16632,18,40,92,0,0
64ddda25-dbed-4787-8c4c-e482aee7d3dd,25,15236,55,13,67,0,1
78225091-8ddb-424a-aefe-852692a99196,29,3310,6,29,68,1,1
07dc0d72-b66e-449c-a4d0-0f6d0397369b,51,12571,35,40,10,0,0
c43803f8-b832-40aa-bdd1-3bed52e4920d,50,4994,22,3,55,0,0
fe89edfa-d33d-446f-b707-7203d7ec298d,40,4935,43,3,50,0,1
bdeda397-4363-4877-8693-8b6f796e47c9,41,3163,15,27,20,0,0
e331fbd1-b7cd-4c55-93e5-7e8296ca1086,54,16273,22,7,98,0,0
13b08602-7ca7-4ea2-997b-2309842f74d1,52,4590,37,1,75,0,0
4418c12b-097d-4389-8349-f3afca2681fb,61,3372,52,40,25,0,0
1ceb5596-ff00-495e-ad85-30905c6a74df,57,6180,42,45,18,0,1
34207fce-fe01-469b-9459-7e6c175f7c74,39,8032,12,21,59,0,1
8473edc8-4cd5-4b96-bf3d-08257202d175,44,4226,47,40,70,0,1
5858f842-8a12-4ed6-a83a-8f378fbcdf2e,52,13212,49,15,46,1,0
f1396b5a-b0b6-409b-b521-38d65a85383c,18,11042,42,28,70,0,1
a3cc4cb7-83c9-4708-8bd3-48fa5e1a69b5,52,7974,38,48,25,0,0
72625a40-1372-4e43-848f-b0eb11f85053,54,5730,18,47,39,0,0
142816eb-a2b7-4a94-a50c-8b644b427e76,64,14742,45,29,4,0,1
67d789ff-5562-4a61-8d43-a66b17c07352,31,9488,35,11,20,0,0
192e9dd6-f0d8-436a-8a7e-cf07d0bcd3be,20,18438,30,34,77,0,0
d70c5281-8313-4f15-aa6f-166de6fea2f4,18,3143,24,10,3,0,0
8335c610-2f36-4865-bcd3-2bac992aa3f3,22,11832,42,45,22,1,1
bf55e0f8-6366-432a-9f12-b94bf260b5a7,43,9491,30,49,83,0,0
fdc8cfec-95d8-4ec3-9c58-2328be719a2e,31,10095,14,20,14,0,0
47c11354-88be-4750-9b57-1b221743eae7,56,9588,6,20,92,1,0
6761e1cc-3823-4958-bfa7-f89bc299a373,44,10184,3,4,7,1,1
e4ba7b30-6372-4add-a9ad-01a54591c237,26,5118,16,47,40,1,1
c5be952e-5b34-487c-ace4-f2f66c9d613b,32,8301,7,19,18,0,0
e593d70e-ab2f-465c-9f7b-144360007aa5,32,14744,52,36,45,0,0
a676ee84-e188-445d-a16f-dc94f9d293d2,43,10664,14,2,27,0,0
5653f022-dbdb-401c-9751-990bfc7b3d79,59,6489,9,43,90,0,1
08b8fecc-2a5a-4643-9837-599ebe54b75a,30,15008,15,32,67,0,0
b1ea3ec7-d9d2-4170-b9e5-99f1e348432d,49,19107,21,8,14,0,1
adb5bb6c-dc49-4ae0-9127-9787282a89af,56,14469,35,8,98,1,0
827e7ef2-e566-4710-9d88-16c845647d10,49,13830,2,3,36,0,1
6a54819e-bcc5-462d-b2b4-956b76f6b4f6,21,3508,27,34,0,1,1
7046e286-4bfe-49fd-af64-74342ac2a47a,47,6817,2,16,66,0,0
6ae341e9-213d-4a50-a509-bc7d220d0457,54,14515,35,33,23,0,1
6fc097f4-6ef1-4193-9666-05a20905a122,40,14990,18,23,26,0,0
b9b3b956-6ba4-4838-808a-6cc4af1373b2,56,5898,14,31,39,0,0
b7b47c17-6d5d-47fa-a52c-9224688ea613,62,6275,20,0,62,0,0
7be49dd7-7802-404a-bf25-2f1e237ed447,32,11913,18,7,60,0,1
0f4898d6-7e6e-4b33-b568-aac77a3740e0,60,17759,10,44,35,1,0
fc8c8afb-643c-42a5-8e9b-f2331bfb6d26,46,7106,25,22,97,0,0
6f92d394-b6db-4bac-9c3f-e1f6e351ef1a,53,18868,2,46,92,0,0
f98bc0a0-64bb-47e8-a435-bcaf3880c72a,30,6462,25,39,23,0,0
05b283fb-41ba-4900-ae40-ffd54d1be30b,49,14913,54,11,23,0,0
eec37761-af42-43cd-b645-40ced1fb9847,24,18590,33,11,3,0,0
a96a7fba-06b1-44e2-8a05-8e8ba5e863f0,39,5761,36,45,66,0,1
3e42760c-7ec0-46fc-8e27-928ed6dcbe0e,45,11434,31,46,33,0,0
7735da02-8456-4c2e-89b2-e1e2bbb14535,19,11502,14,14,56,0,0
e291bb84-c63a-4549-a688-397f627f332e,59,3277,1,40,48,0,0
e0b8c5e7-48cb-4ab3-8c67-ba2b86add5b8,62,10699,46,18,86,0,0
c88e91a5-ecef-40d5-8565-281847594d5f,23,4000,16,25,52,0,1
06afceee-ad0a-4e25-9a76-02d7e222075f,45,2469,54,28,22,0,1
26f1a149-a0b1-43f9-904c-b721f668ea3a,45,3597,46,21,68,0,0
64781762-d9e6-4582-b35d-bac6749f8733,61,4235,52,39,94,0,1
b963a97f-0b17-4cba-9cbd-a23e0be4fee0,61,11210,3,20,52,0,1
cb0319c6-1761-49a8-83a6-3a17f5d98410,37,8829,35,37,61,1,1
e23148bc-a25d-401f-b779-a7c7dbfe80fb,47,19967,41,19,40,0,0
f618219e-4db9-454d-8525-bbfa79a6f617,28,2286,6,28,56,1,1
b5849ef3-550d-43f0-9025-ff33985a38a2,45,7008,25,3,59,1,0
dd7b89ca-f9fa-4482-a5fa-805f47e9beb4,42,17052,13,6,53,0,0
fef5d9de-511b-4455-825c-8c28dbb012f6,56,8163,53,27,69,0,0
20e9306e-25ff-45b0-a55f-48127b0b7a07,50,6750,34,27,56,0,0
0beb7e57-8067-4a4e-ac72-44c0784c8541,18,13003,8,3,9,0,0
bce976c5-9657-41a2-a0f7-e71c014a5707,44,7315,21,21,39,0,0
af4d9cfd-bd0a-4ff1-930e-5e1bb7f6fa93,30,13860,34,11,6,0,0
e43b8bf8-4329-41cf-9b45-e6d12231d9fd,58,9556,4,44,37,0,1
9426a21d-b29e-4307-be86-aac7b47773ea,20,17520,25,2,84,1,1
5ea0805e-a191-47af-a5dd-b75d7678534e,56,14605,15,21,60,0,0
d885b8de-a715-4ce9-9955-0373211ed114,23,6391,4,43,83,0,1
39a9c7cb-21a8-4f45-b2dd-f288b7955136,25,2999,45,1,2,0,1
cf7e5a52-9c71-4a75-8779-a3341b8fff98,44,11611,12,23,50,0,1
bdc9db7d-d3f3-4f6a-96ce-b743dd099fcb,26,15940,32,33,85,0,0
bd48ede9-ffaa-4ca6-9565-41c281d05235,54,17956,32,26,46,1,0
31333676-db80-4405-a36c-75077de620f2,50,9161,28,40,67,0,1
f762e3ff-6b5a-4aa0-900a-0e0ea562b3ce,59,17226,13,0,91,0,0
70f1f359-2d53-4900-8a54-994c9997b9ff,61,12789,31,7,75,0,0
1ccfc746-259f-4cfc-927f-933bc4a168a7,41,18734,14,22,37,1,0
e0bd40a9-c68e-451b-b456-c097a5674656,32,14118,20,37,35,0,0
27bef144-ef7e-4759-a81d-8778002e8114,49,12516,18,5,40,0,0
07ac1f39-4235-4ce8-8629-eb69588a71e0,49,15813,29,21,68,0,0
8ed59868-9320-4b46-8234-032fb3e0c501,41,12200,6,24,12,0,0
b1829d1d-9d0f-41b2-9a2b-e7da30473ee9,58,17898,32,17,86,0,1
b19b5a60-4629-4662-abd5-38624200901e,29,10037,29,16,57,0,1
481324b3-e892-4fe5-9095-6f4844ac228e,56,4818,43,11,49,0,0
48a93921-1fdc-4990-80d0-d7810edd4684,19,8240,2,5,29,0,1
3ee7de13-ebb4-4145-8bfa-59c483c09272,20,8736,23,25,61,1,0
5a9959ff-3582-42cd-9b3d-dc922aaf1b52,54,4572,19,26,24,0,0
e948b125-0791-41e7-b31c-5f02feeca843,34,15093,31,7,26,0,1
c1b72c18-9669-432c-b564-a80581436186,19,9488,51,18,50,0,1
6e12ce1f-ea1b-4d66-8a62-299613ea4075,19,3661,5,41,77,0,1
089e8566-6730-48e7-ae55-6b02a3e8767a,45,11021,19,0,56,1,0
ac0bb55f-c60d-4467-bb44-8175903f2660,40,16667,34,28,46,0,1
a9248cb8-577c-4958-b739-0dc5501cdb0e,54,13693,10,44,99,0,0
e497a6a1-95d6-4a49-b19d-3c5d52544213,49,9874,25,48,38,0,1
7c66e6b3-edaf-423f-ae59-daa8b9c24d0f,50,16588,2,34,15,0,1
d25b256d-7aa7-42ba-9e20-50d7573a60f8,18,2340,11,39,21,0,0
21331527-3a64-4d3a-81c3-3b7b49ce063f,36,18845,50,13,84,0,0
8c75f8b9-62df-4885-bdda-3fe6696f7e0f,19,15807,31,34,53,0,1
e11fbac2-0491-4482-8afe-07894c19ef6a,61,7668,56,47,20,1,0
33f61419-1fe6-4837-8539-31d1c7a25349,43,5943,15,44,71,0,0
c83a20cc-3611-4c87-b002-fc30c8ca348a,49,17550,9,19,15,0,1
e0994d4d-8e3c-468c-8bd3-cd5f5e4ff0d2,23,3716,23,48,58,1,0
082598e0-95f7-490d-be08-86a10cea41d4,49,4970,19,12,30,0,1
28fce971-e28d-428b-8ba9-16bdd03bd8b7,21,10624,9,37,41,0,0
a3ba9d50-2d42-41d1-8cd4-893951c660a3,28,15377,35,48,73,0,0
e9fcb707-461a-4299-8e14-6975bfc107c8,34,19210,21,45,31,0,1
304f31e5-b9df-4a7d-b311-05ccc2b83afe,55,10223,9,48,58,0,0
61d942f5-4df6-4c20-93d2-9bf033e3743c,41,11630,28,7,33,0,0
d8138912-78bc-4b40-a246-41ec6bdc3306,22,6359,46,42,8,1,1
5ba9e4d7-769c-452d-ba26-3769b8cca573,51,16876,51,19,80,0,0
55877e50-0682-48b2-b447-949553e11a38,23,2927,7,32,10,0,0
58e78460-d594-4c78-aae5-192abbeb4ed4,39,6084,16,25,95,0,0
4fa7d358-d17b-4b42-bf0e-47a7abc0ba3f,28,12900,16,38,9,0,1
84cfbf61-cc4c-409d-a680-b25daec23357,33,19457,33,20,85,0,1
7a26075c-54fd-485a-acf0-3b7443f2702a,50,16114,4,48,16,0,1
e4fe766b-e955-4284-9882-da4df869664f,26,2322,4,41,67,1,0
734beb68-2b69-46fd-a900-7d21216ebc63,23,14739,39,42,47,0,1
ab8f82ef-9ca5-4d97-b5d0-3bb077240052,33,2797,40,40,51,0,0
946cf314-a414-43af-8aa9-91bb363c13e1,46,14710,17,8,24,0,0
b80ac0b7-3777-4005-9728-1f488090382d,20,8601,37,23,20,0,0
a1ac54e8-51f7-4f99-ae2b-541119d5e741,37,12611,39,36,64,0,1
7e57aa99-418a-400f-a777-79a63c7ec2ac,53,19289,52,48,62,0,1
071f764f-98ac-4524-a243-7c242caa862d,36,14398,29,40,88,0,0
4ae9a8d4-d893-41cb-a105-85c1ac319d4a,43,17035,52,16,50,0,0
70c91a6d-5dc5-4be8-b7c0-3ade4bf98859,20,3624,36,23,35,0,1
aac62c18-55c7-421a-8368-c43fcf870e49,36,17604,38,20,80,0,0
771505b1-932b-4bb7-b2c7-06c9872b612b,37,6349,39,38,87,0,1
2224aabc-7552-41d3-83ab-bf1b0b186583,49,4704,50,40,65,1,0
fa1dec75-ed61-44d3-b63e-15e461b5f9e4,24,4091,37,38,14,0,0
1df66819-7e7d-4d51-9358-a31940525b41,58,14326,52,12,95,0,0
06f9792e-70fd-4e23-a9f3-d054f4dd3883,50,4117,35,10,38,0,0
7b2bf303-2cd5-474c-b9a6-cad969bcdcb9,57,5551,7,45,69,0,1
1585cf47-5f5c-4451-a998-c1db98e7576a,56,9946,27,18,0,0,0
48a73a55-dfb2-4c05-9a2a-c6806c06adee,35,2822,28,10,22,0,1
4c080a4a-8eed-49e5-b554-07a5bd702398,57,19203,22,12,38,0,0
82e14147-d2ac-444f-a81d-4cd094ba9d86,18,19953,14,45,56,1,0
3da7ca01-7628-40e7-9c7a-3a9b26c390e7,28,10151,7,44,80,0,0
9a53aabc-117b-4127-91e5-2a101d85ef98,45,12890,37,0,33,0,0
987cf50a-39a5-43fb-b9c0-db089260cbda,42,10514,22,39,40,0,1
ad25f095-cba0-4ce7-b80f-c3995d8cd42e,40,17976,5,43,92,1,0
08b4bf46-f353-4656-b24c-0785789622e7,48,6993,55,18,72,0,0
422204c4-56d0-46a8-a5f9-a6933e15985d,47,8702,2,11,12,0,0
81e131f6-73ff-4074-835f-1c45af8f1b51,59,14393,27,7,69,0,0
77156b54-0334-40aa-b76f-1273720a2b22,52,3140,21,7,5,0,0
12eb76e8-fa69-47af-8547-aee1e45a0715,24,17506,54,44,83,0,1
52556ad5-8c52-4b1a-b058-8d04e0ec3f23,33,9559,38,11,51,1,0
be66146e-820a-49e8-9720-3d956d7313b9,43,18243,15,47,2,0,0
c5f80b88-d45b-4de4-8e34-a95498516152,19,19976,21,32,80,1,0
28921f9d-9478-46b1-8d76-4f6a34a43b83,18,9510,10,44,62,0,1
2f156a5c-759b-4168-9c7c-2bc491e58d68,29,17164,23,25,48,0,0
d7f2665a-68b5-48ed-9bc6-520137b4fd0d,22,18547,58,38,75,0,0
7bcaff1d-425f-4d7e-858e-c4d37e97088e,54,5781,56,27,46,0,0
8f51d4ab-fcaa-489c-b7c9-e00d5f539771,49,15578,39,4,54,1,0
feafbecd-9c5a-4dec-b1a0-4280c41e5a99,26,16674,5,7,63,1,0
ac6840e8-21f8-439a-8b93-8a211a7fccce,58,10164,1,24,64,1,0
84acc535-6527-4d89-8166-b528d40f6339,52,13182,13,26,80,0,1
64ad71c9-f633-426a-9685-3265e2452762,36,4487,21,45,66,0,0
a9fede85-84c4-4241-abe3-3d281551ae21,33,4546,26,22,89,0,1
3824d1e7-44e9-497d-9e35-879798b23ee6,20,5147,50,29,14,1,0
1d4c6939-a557-4983-a89d-a3c0931cbd08,37,4585,45,44,99,0,0
87a25e1e-90de-46fe-9e1a-8cfdf7824d03,41,7459,21,46,31,0,0
fd3e124e-4fac-4beb-b7e9-b77e9abc53c8,50,19288,53,22,95,0,0
60a3a793-e246-41f6-b9e1-900ca295f6ab,41,13073,18,48,67,0,1
42be9c7a-699b-47c6-a9bd-65e3036a3523,28,14599,37,46,17,1,0
81dde775-0737-46e4-8a98-05b639a87053,25,8337,45,19,82,0,0
419f204e-bb32-47f9-9a94-875b1937490c,53,12564,32,17,42,0,0
5f135e43-76ba-4db9-94d4-825f9d10ed31,55,19235,36,17,34,0,1
4d2060bf-5f0e-4278-9e16-b54c873d9a4d,57,4229,17,1,77,0,0
e035ab94-3087-4813-b504-c321ebd78de1,37,6371,35,3,57,0,1
6e17c9f8-ed32-4c91-801d-879451463998,52,9233,49,29,32,0,0
1072771b-b4f3-42de-ad3c-28d4a1e0161f,42,10460,11,32,13,1,0
3d236095-a5ba-4d77-be45-9461b1a59a7c,52,17025,21,35,33,1,0
d17c684b-6171-4acf-b90e-743c74a41ec1,42,17344,52,17,60,0,0
0c35100a-2b95-4e7e-b1c1-6eb6e05731c6,46,3280,55,36,3,0,0
81e4c201-2808-4420-9921-386b4a0d9a0b,35,17368,53,18,87,1,0
b5fc832f-d272-490c-b761-864be17c2080,63,13630,26,46,58,0,1
c10c9e65-19ab-4510-92b4-c1ef52d6fce1,35,14170,4,27,28,0,1
673748d4-8075-44cc-9df2-96ae676f9d7b,19,7640,34,39,82,0,1
c891f703-44d8-4d30-bd37-b0880358f794,52,1999,52,19,5,0,0
bbfff5fe-609f-4b20-a5b5-6b22c9eea2a8,33,16054,48,48,96,0,0
b1c88ec7-9111-4903-9bb0-df52442c91ac,58,1671,18,32,48,1,0
e62aee38-aa6d-4638-ae2a-11d1614726b8,53,9135,40,11,39,0,1
a5c7d163-5b59-47b3-b344-8065f999f46d,50,3042,35,14,82,0,1
5b792c3c-60f1-4f13-b116-80cdd328fd1d,21,3638,41,40,64,0,0
646e98ad-a132-4c88-a9f8-65d359d9b7c7,50,16566,29,38,68,0,0
20c64bf6-59da-45d3-8b96-aaa500d4939a,31,3861,52,1,26,0,0
e9f2ece5-b283-4ecd-9580-d89efd8dfd82,38,6654,29,28,79,0,0
99a21192-f6d2-461b-ad63-2b69e2d05780,37,2758,38,40,5,0,0
b7c3ee0f-43e4-453c-9180-999778afeff8,25,1578,42,9,12,0,0
e13f3dca-f579-4df3-9651-5b1321199d4d,24,10648,21,1,63,1,1
601d68fb-eecf-4f6e-afde-49989f4c85cf,20,19541,42,10,61,1,0
a67bf5c4-aec3-45fa-8f41-481084b32f01,34,13830,13,12,98,0,0
a0bd3629-fdd4-4997-be5a-225ae9bb734a,50,14868,49,9,18,0,1
612b6fb6-3286-48fd-95b5-c716e19f3195,29,13936,41,13,75,0,0
b6f05488-6b5f-4ba1-851f-bed2d912bd86,39,2770,17,17,79,0,0
9a40f178-eefb-4429-8e22-944e7ce63986,39,9881,56,8,42,0,0
f27f9a3a-9fe8-4783-92fc-2fe5ddd75765,63,11168,9,38,73,0,0
ecb05db8-dc5c-470d-894d-721558cfea19,47,17832,41,27,88,0,0
62343410-3b25-4564-bf5e-ea285e24d77c,55,5608,1,2,19,1,1
fade2602-d5f5-4078-857e-05aa7c5e60e7,55,8478,2,19,94,1,0
5a5bf819-9fca-434b-b895-ea455b9d1769,62,4522,48,5,67,1,0
288c04a7-3cf6-4f9f-9458-7f041db08310,25,18231,29,26,43,0,0
6c022700-4f44-4116-9701-38682225e591,44,5158,33,1,22,0,0
c3c8ae2c-6dad-42bb-9b50-80aa44a7cc7a,44,2859,10,28,1,0,1
d60108aa-5290-47c2-b79f-beb66c5db4e0,51,13373,50,37,21,0,1
a6732e89-424b-4ec6-bf9f-58481babf2c4,38,1856,58,2,56,0,0
c9dd5df5-8a14-4616-9aa0-5b989c432a62,47,7413,40,15,71,0,1
73a30813-ae06-4ec5-a056-f4ef16a28eb4,50,13772,21,29,6,0,0
d92cabad-2dbd-43ba-81af-3061e85b37f6,45,12862,28,39,77,1,1
325de80c-a36a-459b-9e1a-184413530e63,64,3268,11,1,55,0,0
d7f87a9c-50e7-4f0c-801e-50022455247c,50,3939,55,16,66,0,1
1ac6dfc0-9eb5-4d15-a156-118933bf9cd5,22,8637,34,40,15,0,1
31f6af78-6ba8-4aec-87ac-1c26bc738e68,36,6837,8,11,82,0,0
265455f3-e330-4f6b-bc30-7672b8ce1d27,21,17414,59,34,50,0,0
0d259da4-34f7-41c7-b926-62a04c186882,52,13436,22,42,81,0,1
b588a220-6799-490b-9404-307187ed6878,34,15367,8,0,79,0,1
ccb6e0ec-255e-4ccc-a581-c036c4fcdb47,61,6391,49,44,71,0,0
98f44a73-44d9-47ea-83ea-6d94e7344354,45,6324,15,14,96,0,1
08b582c9-e278-4289-b3e7-215b87e034db,47,10110,17,25,11,0,0
8af7f03a-86a8-4f2e-bc98-d99a71afe886,46,13700,23,36,52,0,0
68032588-15e6-4ef2-a7f2-80c5a79c7f07,63,18292,24,20,74,1,0
9dfbda84-598a-40d2-ba05-cd23f89d2c7e,23,13563,45,48,4,0,0
45951d31-ac21-4dab-86ff-a75a083680c0,52,5948,19,30,26,0,1
2d54a8be-3081-4695-a2a7-c2d2955065ab,58,10338,5,24,11,0,0
4afcda4b-c2b2-4cad-aa85-648c316298cb,54,5750,32,22,16,1,1
2d67a6ed-236c-429b-bd9d-ec4b9392cd12,41,12640,44,23,5,1,0
2ff134d6-f213-4b7f-bf9f-e387c6f94fd8,46,16541,1,37,96,0,0
b74d92a6-47ff-493f-8662-c3782bcf4c10,63,9525,23,27,4,0,0
21bd5482-8a44-4598-b5c6-19ce9c1cff33,48,19423,37,20,56,1,0
09aeb63a-f9bc-46af-94b8-c78fad08ff9a,52,10536,8,42,27,0,0
77103e01-8cf0-43a1-a25a-34ff89d081fd,50,3018,13,17,77,0,0
9fc80763-6020-41cb-94b3-326ddb0d094c,38,8255,8,35,68,0,0
1331ef96-b43e-4e25-be79-3c03bfc72eb0,49,4812,57,34,58,1,0
fd124be2-3d31-4ca9-88d7-625a4ec235fa,40,6015,23,44,32,1,0
f3625db2-85a5-41ac-81a6-2e32048b338f,50,19368,43,8,61,0,0
6400a16f-d131-4a82-b3e9-af8e45ee8646,20,2132,1,37,49,0,1
9ebb0275-dd9a-44c9-894c-6713e540d707,35,10892,45,29,18,0,1
a98da40c-342b-4f08-8e32-b9f362117592,42,4185,51,43,85,0,0
64e683a0-263e-44be-80f6-4a236a326115,59,14927,24,33,68,1,0
b70a2a4c-5f23-4941-8f88-3027c40d6141,48,18032,35,31,65,0,0
d669edea-517f-4bf8-83fb-346b9ff450a6,20,4501,24,2,93,0,1
69275d5a-4bd5-4316-abf2-c3ec08d31c84,57,14169,17,2,46,0,0
eeefcea6-758c-4d48-9337-acb7dd2f6765,63,9748,5,27,38,0,0
9c9c9d78-9cb6-4c86-8584-1e840f37be91,41,8158,20,43,67,0,0
dc3c3012-73e6-4879-b39b-09923f63dd0e,49,13297,21,14,32,0,0
9f5868d4-2516-44b7-b4ee-6647427ae16e,64,16835,40,40,12,0,0
211dc7e5-745f-4e3b-8f36-1e7c8e9915e3,39,18822,58,22,83,0,1
5f9f1e0e-fcaf-45b9-8a47-78f7a6f8a04a,40,9082,31,39,53,0,0
17f84619-23ed-4b99-853e-10866d122508,19,17038,46,10,6,0,0
98b363a1-2065-48dd-8a90-fed804d8b067,44,15255,36,47,78,0,0
8e52df4d-5c45-41f1-8679-01219d738571,59,10841,11,31,86,1,0
7e17f755-08a6-4a69-94da-d689abd53646,19,16747,52,35,13,1,1
926236eb-a60b-481f-b006-07cee086bfeb,43,13231,15,32,86,1,0
d66ffbce-fed1-488a-9fec-0e5264ad3639,34,10020,19,23,18,0,1
734de536-8fbe-4579-96d2-7bb44560db4c,57,2063,7,38,53,1,0
1f8f574f-0de3-4fde-af92-036762a740d9,50,5864,51,33,92,0,0
d712b7aa-f8a4-4a34-903a-440343c3401d,26,11514,28,27,19,0,1
022c9c00-27c0-4043-8933-31fdcfa6689c,60,17293,51,36,28,0,0
be39edc3-8f0b-4d3b-ba9b-843caa266cca,56,15437,43,6,23,0,1
7da8ccd0-609a-4148-918f-9ef9ea175d8f,46,5328,58,3,81,0,0
abbb1d05-5557-499d-a4be-8dffcc19e17e,59,8724,5,36,62,0,1
4d662316-19d1-41e2-a0df-125778bb9407,43,10523,5,0,73,0,0
ec866e78-a034-492a-bed3-c62c16825bc2,52,17889,30,0,56,0,0
c562f2fc-ac4b-4911-a3c7-43c5a0ea5b88,42,13834,54,46,7,0,1
8a173ac5-08d2-498d-928e-47d96a6d6ad6,41,19934,32,19,89,0,1
890e4add-5742-4921-9991-0a740e0e5f79,30,9954,8,18,61,0,1
0ee6420e-a018-4545-af4a-1bd33a3d51c6,24,14502,10,28,28,1,1
93893836-633f-4ac1-9f32-75378e975be0,53,1789,38,9,73,1,1
66f1ad7b-7c89-4a4b-9abf-de993ed5f612,62,19673,47,17,16,0,0
0fd2350b-2d7f-43f3-adff-133e947cfd25,37,12134,32,27,65,0,0
41b427ca-5d77-47d8-8fc2-9eec6ddf9764,18,5879,48,34,5,0,0
7561d78e-d3c5-48b6-966b-a948edcc00ec,25,8587,28,42,57,1,0
34977819-35e9-4565-8ff1-b18bca1bb14f,63,18822,17,46,68,0,0
c9f68b1a-e845-499f-a04b-5d56df50fce0,33,4948,31,30,27,0,0
c5ba0809-96ab-4323-8989-996b5a1d1368,31,14194,8,26,61,0,0
6ae78687-21b0-47db-a6ca-cc0061092821,29,12334,40,10,40,0,0
8b7d5e26-a8c4-437e-bc77-7022d5ecf583,40,3568,25,48,68,0,0
09333756-9316-4582-8a25-053ddc8512e5,32,13210,9,48,81,1,0
5c475f7f-cc43-4067-8b1a-597893814818,45,2683,2,37,89,0,0
b3e7a895-768a-4541-bd89-ebf6aa6f2abe,51,3551,15,4,83,0,1
af134983-486d-471f-8355-306c1c915201,19,1663,50,7,40,1,1
98bf77e9-23a0-4e41-92a9-f3dee7b7c1bb,49,15787,3,33,48,1,0
cfebda37-a275-415a-9a7e-2e219f7065cc,40,9350,49,47,90,0,0
730deaa4-8941-4469-8151-b02cdf5bb547,39,15804,36,11,48,0,0
292557de-bd98-40a3-932d-430ef8a7e03c,42,4150,4,37,75,0,0
f45b0614-cdd5-412a-bd2b-00a421b4cbbc,39,6012,14,0,70,1,0
0adc229c-6f6b-428a-a170-29dba2fb070b,39,16670,41,30,2,0,0
76b2ee4a-1688-458a-bf13-c86cc192871c,59,10673,41,3,9,1,0
190545b7-f9e6-4732-b2ef-fd3b94ffdfa9,23,11944,25,48,97,0,0
e7defd96-8872-4531-87c2-ca27e09c4b3f,32,11751,58,44,88,0,1
904c62ea-0d83-4e2b-a708-aa88cad4b6eb,60,3346,55,49,34,0,1
11efff64-7df0-4660-8355-0c2b18d58ec5,54,13778,50,4,79,0,0
1403d622-4463-43c3-9826-af315077c8eb,50,10648,10,29,1,0,0
0e5349a3-0530-4a83-a6b3-94ffe03b0773,25,6323,21,23,23,0,0
4042ae26-029e-4202-9aaf-c6e08b795b54,61,2324,36,2,73,0,0
aabc540c-9f7b-45a9-83bd-6b19393fc61c,61,9720,12,10,37,1,1
067d1c61-5222-4573-8ff7-05fc00e16bf6,22,3386,27,44,21,0,0
bc7f503f-fcf9-4c68-bd8d-6903570ca7e0,56,16079,40,3,25,0,1
a405dfb6-ceae-4dff-bde8-f81c7c34a19d,21,17030,2,25,42,0,0
9a577141-9851-4c01-85d0-5de533a59e0e,23,16417,54,26,54,0,1
058e4170-69a2-48d7-b23a-63b67f2656bd,62,17738,13,45,38,0,0
3b60621a-f304-44fc-ab0c-83c4e544ed65,49,17452,53,42,90,0,1
14771432-2684-4698-a25e-6c1973615eca,47,6947,32,26,28,1,0
da4d59fb-3c01-4510-b52b-fbd6a1bd91bb,64,10594,31,41,19,0,0
a149739f-3c72-4069-a94d-7d9fd8acbadf,52,5082,16,49,90,0,0
60953c4d-ea4e-4df8-a574-c8f1ce6620fd,57,2907,32,5,40,0,0
f87faa2e-03a3-4536-b198-f08bfedfddb3,33,13111,32,14,53,0,1
f8623ef0-fcf1-4f9b-92c8-44e619a5fd47,30,8792,34,29,19,0,1
af6efc5e-9ada-4819-a8a9-a1785f69475a,59,18726,11,41,18,1,1
dbab1dd9-04dc-4a77-8677-84b444f43d86,47,18838,10,36,83,1,0
3bb36365-4daa-410f-b5a1-33ed7539048c,36,12263,15,36,98,0,1
39eb8533-2d6e-4531-8012-e9bb4fdd430f,34,15717,17,41,65,0,0
06cb2cec-29b3-4631-8b09-3817cb7e2df7,36,17394,40,36,29,0,0
1d0560d1-d329-4059-a565-15b54b778538,45,19698,18,34,52,0,0
60749630-337d-4623-a050-d10dae45d4ad,43,9763,55,22,33,0,0
d12673f2-71cd-418b-9875-d50f0201ca60,54,8732,9,5,21,0,0
cc917766-1996-47a4-96ea-40b9387cadf8,43,2244,25,3,66,0,0
001db1e0-ffbe-4ec4-8c14-b68444c69cea,40,15350,40,17,5,0,0
0804cf96-bd6e-4940-aab6-8d014d08c318,26,12880,59,8,78,0,1
203068e2-6fc1-48ca-ab63-ad2fef261c97,29,19815,14,48,26,0,0
1e74a030-d86b-43f6-b7f7-9163ce871f1d,18,11624,58,28,9,0,0
d9a932ea-9edf-4aea-befc-55dcfb0e9d8f,18,9175,25,12,72,0,0
c1f9d276-b9e3-46ac-9475-316e9704d7ad,64,16069,50,46,96,1,0
784e2d95-8a03-470c-bd53-2c0a3ec94697,51,9424,22,16,95,0,0
73d4a3f6-d79f-44bf-a2a8-143d8b15d247,49,8805,52,44,47,0,0
6f403050-35c0-4880-a78d-3224c9f56542,42,2410,30,31,69,0,0
82a787b9-292a-44f6-b653-1f00a10d4d0f,57,11740,20,47,58,1,0
573982ec-030d-4083-b0a9-1faa6a69fb37,62,6193,21,21,99,0,0
50d647d5-1fc8-462e-9dae-f3ec172ba9e7,18,3451,44,3,58,0,1
69443521-2b43-42e6-b067-ca8bc3701248,33,19282,32,4,1,0,0
a1c43431-73af-4df9-9784-1cb72181caf5,56,13391,51,36,28,0,0
8ed572fc-4b62-4897-a293-e9acfd7f255f,22,19192,46,40,67,1,1
27c32358-b89d-49c3-8c81-89aa9ae0e12b,39,19542,49,48,64,0,0
47ceca5f-32fd-49c3-8f7d-31f1bc527442,46,14757,56,12,82,1,0
8225c591-e58d-4263-b229-6a4efeaa5bf5,20,12392,21,33,25,1,1
5d385ef8-db85-4606-b752-e3a93f1601d5,29,19120,35,44,88,1,0
6998c877-db99-4bd9-9751-3a54701ef1cc,43,6534,58,21,9,0,0
cd110ed7-c25d-40c0-9739-965b92961df1,33,15292,32,22,52,0,0
652cbf39-06aa-48e5-b615-f2deb18b5505,54,11270,30,2,78,0,0
2724c289-9bba-4f9b-a174-7bcd576f5b21,39,18856,55,41,58,0,0
a21b23cd-66ef-4287-a3ce-28e10f9ec509,46,17103,39,33,21,0,0
166a3f7b-fa28-4677-8f4b-21cc64dbff9a,31,8809,49,31,50,0,0
3a845b8e-6ba9-4bad-b38a-4b8299ac1afa,45,2492,12,44,47,0,0
1e191cd7-cf66-41c6-b8c9-d375675da408,22,5651,41,48,20,0,0
9b94a37f-6e11-4114-a6c4-d7727a032f5a,64,16181,47,20,21,1,0
4d88e13d-de33-47f8-b6cc-30a78cbc642c,47,5490,18,45,99,0,0
0a16288d-ed6a-4f0c-8527-f40390ece71b,63,6813,21,43,97,1,0
e70c89e8-4d8f-4f37-9438-67e0671dba24,22,15431,13,20,29,0,0
9e4e031c-fb6d-4e0e-905a-26fba65c9fc6,29,10623,21,43,24,1,1
31680646-3ba4-4e7c-83bd-351ad6078c0d,33,9746,8,10,27,0,0
c3788282-3a34-4520-a3dd-c34aa82cc89b,43,11421,46,38,64,0,0
22dfa1a5-346a-40d8-823c-382155f81a1f,43,4538,40,3,44,1,0
27749486-2495-48dd-8793-2fef118516ba,38,10505,46,0,67,0,0
350bc25b-849f-4fda-94d7-dd0afc9765ce,56,14398,7,27,6,1,1
cc2a1b2b-ecd5-4252-baef-ac322668a58c,53,6751,23,23,48,0,0
d28d924a-19c5-41dc-8755-4443c66d3c8e,50,11034,44,34,8,0,1
7cdb097c-a9a9-4b39-beb7-deed2ca29589,47,16077,32,12,35,0,0
75f7ae8c-47f3-47ad-b821-d46655405be1,54,18219,11,46,82,0,1
6ddcc30c-b87c-4994-b968-0b8d54be6afc,40,3914,22,33,0,0,0
f5d40e9a-4153-4edd-ac4c-b4c2ea0cfdfb,27,3109,22,10,9,0,1
8a805dc3-6390-44d0-b528-2769fbc7a0cc,22,12821,43,35,35,0,0
fd81f63d-c4ed-4c3c-98e0-ab67d47b80c5,53,7701,25,16,72,0,0
adb61cae-048e-4743-bc00-dee2a9ad4c16,51,2830,22,34,45,1,0
feadef3c-5e4a-451e-ad11-2d382aea49e3,48,8832,28,17,31,1,0
d327ecd2-aaa7-4d32-8497-75e11ad7fe64,27,3657,29,39,31,0,1
1f5310d2-508b-4063-9652-9892f45ef124,36,16206,13,21,5,0,0
6802c75f-d90d-4241-aaaf-9c78436661fb,49,19606,18,23,47,0,0
9fd62ffe-a6e1-4180-8fde-f8ce722abea8,18,8442,2,18,37,0,1
1203926b-18a9-4da1-88eb-a5d30470724c,22,1880,29,36,16,1,0
8058eb31-9dba-4d83-a462-e75677d18b57,62,14999,21,38,73,1,1
5bc90dcf-b803-4aef-b833-bd2b80dbd7a7,21,5256,15,20,26,0,1
6349bb0e-6f45-4794-87a8-6a20c556bef4,33,3987,52,7,53,0,0
3c4f40b1-58e5-4822-b539-03f2c75da6a7,41,17624,27,27,49,0,1
7366f353-85b8-428b-a8f7-559211c43645,33,18458,50,4,34,1,0
b3461fbd-61c9-45ae-a76a-f5734d828df9,19,10535,31,16,84,0,0
4d5ff230-6039-4853-bd19-6f1fc3683461,45,4326,15,36,24,0,0
064a450b-2e8b-4488-94e0-d30718b3644e,49,17888,51,35,27,0,0
e39ccb8d-ded8-472f-86b5-2650d92acecc,44,16388,23,18,14,0,1
be4e3509-0ff3-411f-90af-fae72095753d,37,14231,24,26,3,0,1
d82be4ef-4b84-4c95-823b-65097ac0eb3e,41,9079,44,33,92,1,0
631be13f-b9a8-41df-b0d0-37f8bf1292cc,29,4237,13,10,72,0,0
2dd2faf8-776f-4c4b-801b-f47eae5f8796,52,13218,22,44,26,0,1
d3853f55-00fa-4cab-b905-048cda671627,50,5259,43,46,25,0,0
4acf474d-d3a9-4449-b6d8-622385e2529c,50,11284,37,11,18,0,0
30342b05-f24b-49cf-a007-13859630d4da,60,5516,33,20,91,0,0
140fe35a-a92a-428b-bf2c-c27717ea986d,54,17595,56,10,16,0,1
4bfbdb25-66ed-4669-94a1-dd596b47377e,29,1812,3,38,42,0,0
9b0ccc23-d89b-4b27-8e62-fbe20dd2048b,20,11695,54,27,40,0,1
96d634ca-cba4-47c4-abad-31b1601dd0c8,18,11400,19,4,41,0,1
e1bef32f-6b34-46ff-9624-d2dfe82b1177,50,2654,23,16,49,0,0
2ce049b9-a338-4e1e-b73e-a191aa78135d,57,3582,29,19,83,1,0
b446b4a3-745e-4df8-8f5e-96306f6704ee,27,8527,30,40,39,0,1
00d6cbbc-e389-4779-96b1-455c44735088,60,14505,39,45,38,0,0
35ae98fa-702d-40ed-9554-a1ebbcbf6850,61,6061,44,11,22,0,1
caddf371-3aec-4a24-afcc-e17c509db73d,46,2525,47,5,95,0,1
38d90fa1-b7c7-4c8d-9b1e-ddc567f0b605,30,6963,25,16,51,0,0
b6de9d48-852e-4a33-83de-279110bb0dfd,29,12224,37,18,46,0,1
1895411e-1bdb-4fbd-92f2-c2f8f3891478,48,16267,47,25,62,0,1
010f6235-0fb8-46c1-b809-5363fda90080,63,13236,8,47,96,0,1
e029593e-f7b5-402d-a287-09ba3bf4ea66,19,10957,42,43,68,0,0
2fb23ece-ea8d-4275-b705-ed9ecb89001f,52,14799,58,43,42,1,0
f1760475-b362-4e43-9c5c-97fe792ca036,40,2953,16,31,47,1,0
16182a15-bd4c-425d-b23a-e125d766a71c,34,2089,8,5,33,0,0
698062ec-a2e4-4b4c-87e3-6467aadf734e,43,3900,1,35,39,0,0
d204ae38-6e16-46d4-9986-ee4d2e0711cb,25,6602,44,37,74,1,1
8707601b-73a6-4be0-ac4e-52a4b9b28af6,46,18179,5,10,60,1,0
ffa85fe3-a6df-4987-9496-06c0b573507f,43,15025,3,32,49,0,0
a7f4c0b0-faf5-4c89-9662-d75caef20157,27,8577,1,23,66,0,0
710208db-3132-40a7-9ec2-4ffcf34b8d12,43,19789,4,22,61,0,1
1d103da5-be7b-45e6-8e1f-0129a94f48cc,51,14289,40,14,57,0,0
f332f5ab-3ab6-4406-a002-657f722cd3b4,58,19167,35,26,32,0,0
c4aa5840-fbdb-42c8-8778-82238e5350d5,24,9009,32,10,74,0,0
f5f6f326-72ed-42e5-8725-5c636e5eba0e,21,16045,42,49,15,0,1
230c80da-d610-4802-811f-910d228a247a,62,18942,34,16,81,0,0
996daa8d-8b55-440b-a047-203597ba364d,28,16377,43,13,93,0,0
953c170b-88db-4a59-8a55-5d608079d404,46,9591,25,26,47,0,1
432863a3-57e1-4522-82cd-d517b7102934,53,10595,10,17,9,0,1
f877693e-bae2-483c-810d-8a3cfbc591e2,42,12901,21,27,81,0,1
013c336b-0dd1-418c-8331-29d18798c93c,38,17896,46,46,37,0,0
1bddccc8-bd8e-4072-904b-d3b3277408a5,53,3871,39,46,18,1,0
d036de21-4bbb-4b10-ac95-58355a825de1,27,6317,27,3,35,0,1
904237c7-de4f-4e47-8a88-7701dfc62c74,54,18588,27,6,58,0,0
96a6d9e9-174a-4a86-a5d5-a3559167b11f,26,13457,2,44,62,0,1
111b1377-fef9-498b-a473-8599c8c2a95e,41,3946,41,34,76,0,0
0f301001-d478-43ff-812a-afcfece9c4d1,52,12814,48,47,45,1,0
eb579bf6-ec90-4e39-af2a-d05e7411c3c4,52,9331,13,8,2,0,0
595ab9c8-99e3-4f4c-9a0f-3025d324f109,53,15932,9,7,73,0,0
9bdb38f3-44a9-4fb5-af1d-5d826e4f8714,35,13319,52,44,64,0,0
89ca9d98-c79f-45a5-9d79-279d742d9a3a,56,13263,36,16,90,0,0
c0abd929-d2d8-4b2e-9e86-d1fdbb123e93,49,14543,22,16,7,1,1
c5c9da53-7660-4761-914d-f4b26a09e0e9,41,4874,42,48,50,1,0
b3927423-91d2-4487-b6e1-3f368ac3c040,40,15806,26,32,80,0,0
f95f6a9e-19d7-452e-b997-4616507a6b51,49,8058,58,31,72,0,1
d4c447cb-6f17-4151-aa5e-1997f450e8b8,54,17940,54,7,5,1,0
a43bfd44-c26c-4e46-9a1c-526581d75fd7,29,4860,12,18,88,1,0
ba16cd90-478b-4507-87f3-cae7fcf9d3f1,30,10596,17,37,38,0,1
a6a9a840-e1fc-4f30-a42c-09b4ff2a3b18,40,4362,14,2,59,0,0
d96c6a1b-f832-4bdf-bd58-93f7a3b9ad98,42,11914,14,4,27,0,1
0bd93209-b8bc-4a05-9206-7032384416ff,52,19000,57,12,96,1,1
6d1ea2e9-c3fd-4cf1-936e-2f12141e2ebf,58,19725,34,46,53,0,1
e9f6fe83-c4b5-4a91-86f1-1af45c77aa2a,47,15516,53,45,36,0,0
6d305c41-b7db-47ff-80f4-598f8a69c769,34,14779,57,30,8,0,0
6c22311b-c931-4cc0-bd21-6f215362552e,37,4611,20,15,81,0,0
e3f53280-2ef4-475c-beb1-606a1e3f9163,42,13240,11,49,55,0,0
6a4fafd0-c074-43cf-a525-5d6488956a9f,39,13163,16,31,58,0,1
edbb92f5-2c91-402b-b224-0b72539b2f97,30,16601,51,21,84,0,0
109b10d4-cd33-4279-9b17-6492a6c8ffc1,36,2506,31,28,1,0,0
270c1046-b567-42de-b9df-1129c574d3b5,53,7964,55,21,60,0,1
d0f19756-0ab7-4a0e-a31c-c8ccf2745caf,29,17853,6,42,57,0,0
bbf6608e-78a7-4832-bfdd-41026416c39c,58,17651,56,2,59,0,0
d4e446ca-ca60-4592-a4e3-4dccd67c8c8d,36,3200,19,9,39,1,0
6d74a58a-2f6e-48c5-af8c-e387007532e9,29,7144,37,41,35,0,1
4ad2bfff-6c0f-4ca2-ab3a-678fe77d499d,26,8942,58,20,36,0,0
518547b3-c67b-46f1-adb0-71768008ac54,24,14375,4,15,78,0,1
b93ac117-45ca-40d2-82b4-be85d8e80704,45,13673,47,11,91,0,0
066749f1-7189-40fe-be00-fface3df4f9e,31,18835,4,1,17,0,1
0481818e-8dbd-43db-86b1-60f31d9ba0a8,48,12943,20,40,97,0,1
3c5fc1aa-9dff-41f5-9a38-e70626f8d4a2,36,3498,10,23,62,0,0
71af2744-cf9c-4a98-8536-b80a5f9284ca,64,17040,24,34,21,0,0
dc9615a6-5a2c-46ac-90dd-257819bde0c3,33,10502,54,29,10,0,0
0e2a9c3b-c117-446f-afcd-87b52f6ca4a2,22,18693,35,29,57,0,1
f3f3bd2d-6446-499c-a9c1-0454fd3dceb5,52,17401,26,46,56,0,0
fe4523ec-ea84-4d23-b31d-c9e8c406dac9,29,6908,37,34,76,0,0
5166b6f2-0821-4a75-a459-15fc6378cb58,42,3125,38,18,3,0,0
1857ad48-7b4d-4855-ab63-767bddcfa1d7,38,8091,21,49,85,0,0
aea9b554-7309-4100-897e-9b140549cbca,53,18886,54,7,6,1,0
cdee6838-12ec-4d97-bcb0-506fdf737639,40,7294,40,25,60,1,0
1c6e33ce-afea-4230-b5eb-38649043bd39,33,5194,39,48,53,0,0
98f3c05e-b308-4687-b7a5-aab92f44f54f,56,4898,21,39,87,0,1
9e9fb9e1-aecf-4769-9b2d-0e1c44330699,62,10229,10,6,67,0,0
59b8d8bd-fa92-4da2-be2e-bf3acf867f2e,59,10300,38,29,91,0,0
c7991886-950a-4689-be22-d6e39d9e6f03,56,18952,46,6,78,0,1
babd3872-6b24-4a2c-bb98-0e29c5e834ce,31,15515,4,2,0,1,1
c23de331-f067-4e43-a661-445e19c7f155,48,7860,57,0,54,0,1
d2c69a44-24bd-484e-aa91-73eddc5052f4,22,18861,45,35,2,1,0
1980bc46-28da-45ac-a7da-3b5a00da5259,52,7577,20,24,77,0,0
c1a47b8e-4479-44fe-b22a-906d78f0d71b,40,10402,17,36,37,0,0
84755aae-d44d-4836-99cc-b12aed3e80e7,46,7173,55,0,0,0,1
159788b8-4119-47dc-a58e-8c94b1e6e723,60,13609,7,14,37,0,0
b897b8c3-8770-45df-916d-bd80502e974d,28,16769,4,36,84,0,0
aa5e1323-ec1c-463e-bb9a-c47f3ad754f2,35,2044,29,12,28,0,0
168e38c5-2b35-4989-a884-3a3836189369,64,4742,14,39,4,0,0
659eb078-01a8-46c1-b2a2-53eb78b659f3,29,16587,3,7,73,1,0
6d69788b-10ae-48a4-976d-0ccfe2fc3a90,26,13054,24,4,91,0,0
5fa8a491-0e10-4c71-be48-14e32c1b06c0,27,15065,37,8,20,1,0
69c7ee2c-0966-460b-93e1-e9213086f32b,61,19777,16,0,70,1,0
803c5764-0e43-44b3-8acb-49236d94795b,34,3281,58,35,66,0,1
4b70026c-28a3-49ed-ab85-49b613b45c88,55,10230,55,34,46,0,1
67841e85-105e-44cd-8832-c544ecf3dc77,24,7315,52,1,83,0,1
20570f1f-93ac-41bd-9c2b-6ea692f73910,63,10726,4,39,82,1,1
e6459072-afea-4f8c-995c-8c0a21f44456,30,6627,56,22,34,0,0
1db318cf-2dc0-4661-b2cf-f3dd3f85e434,57,18018,24,8,67,0,0
ac71b32d-6269-438e-8818-cdbc59f6d7ef,59,3951,34,33,68,0,0
8cb76328-c7d8-4f5c-97a7-4f4dbbbd8ada,26,18485,30,45,0,0,0
32825afa-6c96-48dc-999c-c6d3b1341381,44,5685,18,13,67,0,0
e1879c67-5eee-47ad-9cde-72e71590341f,19,19291,19,3,11,0,0
b3934b85-16c1-497b-9135-a8dd29d2c07d,22,9875,31,29,59,0,0
e2061233-e569-4894-8721-ce036206520f,46,7672,19,30,26,1,0
c383fa39-7aa4-4fba-92e1-9a9b8fa919e8,54,10438,49,37,55,0,0
ac5584dd-cc30-40f7-be77-bdde5cb9056d,55,19945,46,10,22,1,0
c31cee75-22fc-41c6-8ce2-d691b3891c85,36,18680,19,34,24,0,1
c442f6b8-2579-45bb-a3c8-361a0c443cb6,25,1731,22,7,20,1,0
64064643-1fad-4e3d-ba5e-cf7a2447bccf,62,5280,24,2,60,0,0
c566bcd9-53f2-4592-93c4-1ba722fda756,18,14917,45,13,62,0,0
66e4c44d-d85d-495c-b74b-1236a0c4e210,39,11286,12,12,51,0,0
c3936a7c-5c4a-4476-9078-49b7d3e73348,34,12158,30,44,87,1,0
bf053c6a-77f0-4ae8-a601-3e449924f022,24,8249,58,31,24,0,0
54dbba6f-f96d-4da1-8d18-27649c8e7e00,42,7309,38,33,54,1,0
ae5b3b28-f92f-4fb8-a197-1ace20977784,62,17340,53,44,45,1,0
0e5bdc4b-64f9-47b9-9948-168450294ddd,21,10301,31,18,31,0,1
f1563be8-be02-4002-bafd-19ea66d84fe1,53,15139,36,37,54,0,1
5a93f394-c07c-4472-8ba6-e4967e7b46fd,23,17537,19,15,95,0,0
e605b557-df5d-4153-bbb6-e35156eb4d36,48,4238,48,1,4,0,0
d0ce574f-2761-4987-acc8-2ceef04d5cb2,36,10423,45,39,35,1,1
10a8a8b8-fd48-445b-951e-1581327e5775,61,10645,36,16,48,0,0
8d7ef2e4-11bb-4a3f-a1b7-3e1675169faa,56,17903,30,33,57,0,0
9c02d31d-ec9c-4ed5-886c-2c6f65131dda,44,7886,55,41,38,1,0
4579bb93-8ec5-4dee-a58d-e7432f5551b5,27,15574,49,15,79,0,1
f8f78019-d6c0-4f40-a781-125d6d1ef05b,43,13754,55,37,96,1,0
7a85250f-c246-4167-8218-9742c29853b7,36,19851,33,1,84,0,0
1f910ed0-2913-4022-a59e-be1793245608,56,15969,18,1,60,0,1
b3bd432f-9fa0-43ff-b93f-27e0dfa9644a,20,18819,52,25,8,0,0
ea8e22d7-6647-4c00-8ad7-65f6ade5659b,62,11951,49,12,5,0,0
0cf022f4-2948-409d-9db2-f65cc26eb34d,30,17043,59,46,34,0,1
ee7bd3d8-cca7-4449-a16b-f9dcea815143,45,1607,28,30,38,0,0
845d5c43-832b-4fb2-99e9-7d40e96febac,37,19611,59,33,21,0,0
cbaf71b4-39fb-45af-b537-7a20f75a481b,45,11879,47,38,40,0,0
3d8305f5-4d09-497f-bfac-4ec6df90d230,25,17887,11,2,4,0,0
ec90ffc3-57c3-4688-8aa9-9fe5be897c97,58,4559,57,7,41,0,0
91174d24-c05b-44c7-8dc1-db27de18c15e,56,1623,54,22,86,0,0
401fae33-d180-4221-900b-88ff6f460003,18,10596,45,13,80,0,0
de53cc4a-9180-43e6-b91b-b70079860e0d,20,19797,33,26,75,0,1
19a6928d-3586-4402-a7ea-a43c62c77cc2,30,7608,17,28,86,0,0
bafdbad2-0612-4b56-8e9e-bf02e355628c,45,7600,6,38,79,0,0
77cfcdee-623b-4fb9-b3d3-ed2976185cb9,42,18536,4,38,66,0,0
5b9a5e6d-3713-402b-984b-e6fb206a66ee,50,3443,20,0,29,0,1
49d56b3b-171b-46d5-983c-55dfd1a1041c,55,19958,48,16,56,0,0
93de07c7-c73e-41bd-a027-59f8ea23262d,23,8435,47,40,85,1,0
0eee0497-4f73-4660-b4df-f5793db2661a,61,2070,27,29,72,0,0
9d910860-7c1c-4167-ae2c-fdb1faf90b77,62,5429,15,12,28,0,0
442917c7-d973-4609-8a26-b1e857ddf821,49,4907,6,20,36,0,0
2ec62bac-bb94-4fbb-a380-e67ce0d1209b,62,15147,47,18,86,0,1
7c07f649-30e4-4849-b0e1-de4a029f2d06,64,3948,14,18,12,1,0
52766c16-49b0-4877-97a4-6c0ac30c3bef,38,1976,11,24,31,0,0
fe79302b-bece-4a7c-99f7-8b2749824553,33,14913,39,21,45,0,0
22a95926-5776-4250-8325-afc3be5dc6f4,38,1725,9,30,22,0,1
de074cb8-9880-4563-b883-4957f4ccc279,28,2417,26,16,44,0,0
6b1134db-a427-45fa-a793-516c61a57c4e,54,13171,16,22,16,0,0
43f3da58-ac4a-4135-92d5-efe0e524b716,53,17923,5,31,84,0,0
fb9f0fdf-8522-47f1-8e04-d7668ae7a2dc,52,10119,57,9,65,0,0
e2ca0cc2-9298-45c0-be44-5bfd9f1239e7,36,2412,52,9,5,0,0
1abc32b4-7414-4b1d-b767-1ed7bc7e0fe3,37,2032,10,35,17,0,0
886858de-84ba-45de-8760-453bb46fdfb1,35,5627,50,7,93,0,0
aaa88751-f102-4135-9d69-52bdcc6a20e1,64,14776,3,19,21,0,0
36989460-b154-4a5c-b553-1284822f21b0,58,16831,13,31,32,0,0
6c508d69-4d8a-4421-b74c-3220dbe999dd,31,16867,43,49,29,1,0
8e287193-534c-490a-a929-085aeb0f9026,32,8697,49,13,80,0,0
12e1b674-6225-422f-9e06-6e3c36537d40,48,11844,30,49,31,1,1
0c9e4645-48b7-43c5-9284-47432898df92,18,13305,54,27,41,0,1
84a3c62d-9ee5-45bd-916d-c47edacddd18,20,3078,45,45,77,0,1
5d5e7ef2-c1fd-49aa-8c6f-e89d1c2b9803,33,15130,6,23,9,0,1
5a031229-b51c-4197-abb1-232a73936a1b,40,19168,17,14,35,0,0
8cbff8f1-ddd0-48e1-ba26-f4bc6d9a0e7d,28,6298,59,21,33,0,1
81bbd1ad-774b-4ed6-bf08-998555b152ca,29,19829,45,29,72,0,0
925a3af1-7dbe-4ebb-87a9-71ece4ea203e,27,13412,51,3,27,0,0
de58641e-4b6e-421c-bab4-ae62aefe6c8a,49,3874,53,12,10,1,0
03799f69-8821-40a6-88cf-e468df867448,33,6308,19,22,77,0,0
9b47be77-dd46-4990-8b38-eed360dbf694,25,18208,42,7,38,0,1
d3184e26-d111-47d0-ba75-d05fe55e397d,55,11699,35,17,46,0,0
897803ee-72bd-4035-810e-218413d9516f,29,8575,46,11,18,0,0
07a971c4-2eb0-4e72-a296-16152668a354,41,17600,26,30,14,0,1
8c3d4ad1-9b3f-427f-9f69-246d080bd87e,45,2179,51,13,27,0,0
dc185598-e575-4c5b-af0f-497f39d093dd,25,6162,5,33,23,1,0
acd731b8-c5f9-4632-a34c-5763e59de7ec,45,17229,29,17,71,0,1
7c377de4-aaee-40e4-9101-a76364021eee,53,4438,37,33,8,0,0
d65b0367-4ce9-4088-a299-899ec9a3470c,43,17520,20,10,46,0,0
1a6c38d8-b3b2-4e1d-9f44-57580b46709d,25,15543,49,40,32,1,0
d6642853-c1c2-4026-8024-2ecca8aad74b,45,10464,21,11,61,0,0
b567778c-d4c3-4199-a5aa-9fd79bffea40,45,14250,10,48,96,0,1
06482571-7800-44e5-933e-2f045d659718,54,7754,5,14,18,0,0
5f83a363-3441-447e-b7cb-6144f2332677,58,17827,36,30,66,0,0
176a1384-a428-491d-b375-693ad979cf12,53,15036,6,48,73,0,0
84b69b63-bab0-44fe-bc75-81ffd7803140,44,1870,26,28,39,0,0
fc25a04c-2d4e-4307-b75f-c9c00d273b0f,34,8523,4,25,46,0,1
d5428ec7-e12b-40e3-b716-fd596fef373e,26,15554,39,17,64,0,0
797e2d72-3327-4c6f-aa26-f774d557f634,50,18060,39,31,28,0,0
3eabd900-6446-48e9-b365-91346ce8c614,37,2474,50,21,49,0,0
0bef89b9-68ba-4cf0-b52a-dafb080a3638,30,3589,35,37,97,0,0
6dee7cde-44db-4585-b3a7-fe02b9160ffa,45,10113,1,16,12,0,1
65cb4133-61a0-4971-9692-948d9fd20efb,46,16658,24,22,0,0,0
5a3fb017-b110-428c-be13-6778fa6f4586,30,14321,57,23,33,0,0
7d949231-2ffe-4a61-9b57-02d0a4539ccd,63,4971,36,49,92,0,0
2e18a4c9-4b09-4775-bd9c-40efd038c978,52,8193,6,7,47,1,1
81eddc60-ed71-4c32-8bde-cfcdc99a27a6,23,2473,41,40,76,1,0
cc0b23a8-6dc8-48b4-8d30-01ab66d85ede,35,7813,54,5,47,0,1
94aa76f1-03b2-4297-bfce-75c8f4caa8d8,22,17439,46,4,48,0,0
da22a02e-35af-4d90-b369-8a64315e0fc9,64,19614,44,43,63,0,1
358548b5-fd27-4e0b-b0ab-247282ad16da,42,16800,57,28,60,0,0
ad8621ff-d701-4414-9d0f-485b9c879480,19,6221,31,27,28,0,0
c628b27b-ea75-4ee2-abbc-58af06da35a7,27,8081,20,10,38,0,0
05d1b7bf-96a9-4740-9ac6-29c3e7a80616,47,13521,24,0,87,0,0
a15d96cd-8af5-484c-98c5-a7b95a89dcc5,62,12335,25,42,25,0,1
c4768723-cc8f-411f-a3e5-e7e7e7fcf757,22,12689,36,18,16,0,1
2f5c8620-0335-433f-a6d8-3cf6fdabba32,50,14100,21,8,70,0,0
ec260913-ce9e-41c4-8709-0ce95aeacbbe,18,13719,30,26,12,0,0
1fbf9f83-6851-4e00-ae7a-1b3d7d0c762c,35,19296,24,33,68,0,0
5c1dad5e-1806-4749-bff5-7f088cd078a9,49,13991,44,43,25,1,1
f00f6117-d037-4ad6-877d-71ff4b26dede,64,10979,42,3,48,1,0
079375ac-31b8-4b59-bfbb-8266fb787330,28,17114,30,35,66,0,0
e7ccaa5e-7759-4f32-8a46-cc16fb7186fb,38,2047,22,17,6,0,0
5140d69f-869b-4fb1-bd7f-52fa0586fedb,43,14283,28,14,57,0,0
dc62ef11-3e31-4a7e-938f-59a4b76a731c,42,15428,7,12,48,0,0
5e4c96f8-47d6-4b16-acd6-1c65d3c60324,39,13079,35,18,52,0,0
bc7b5fdd-0398-48e1-877b-3fc2dba2d975,44,10649,55,48,64,0,0
d2d0ee1f-05ed-47e0-bc84-c4f8d46e59c5,30,2043,28,5,61,0,1
40da0528-fb3d-4a2c-8a5f-ffe58ab39829,50,17903,14,47,16,0,0
bc66e124-c8a7-43fd-b88e-b6b214e032be,51,1892,56,11,42,0,0
f4124e1f-f0b4-4469-8be0-d762a58474f5,58,13715,10,36,24,0,0
2c671641-40a9-42b4-8791-2b3cf4c97aea,52,6166,16,16,2,0,1
f8cf9bc7-d05b-4314-87c7-0f1a94ef9cb2,18,3883,16,22,78,0,0
4cd71e34-00b8-444a-8b9c-4b205d4b0f84,38,19427,54,25,28,1,0
85694a94-5959-4ace-a770-2e69627b99b4,23,3164,31,28,31,0,0
d98a0456-eaf2-411c-b51b-88175faec845,45,1531,42,32,25,0,0
14a9640e-347c-48cb-8791-2266d368f8c7,34,6117,25,26,15,1,0
37e2c358-2f51-4d8a-83f1-fa5ff3c66744,22,3796,13,24,24,1,1
877696aa-2a23-4b82-a127-4c79f71bbfe6,48,15814,6,9,53,0,1
caa3701d-d265-43c9-a135-9cd4259d74b8,22,4673,44,46,27,1,0
4ccaa694-3bf0-472b-87ed-4500ab6d181e,55,9839,9,22,72,0,0
2215f2f7-4b46-4521-b1ac-d1e97fcc25e3,20,5332,45,20,55,0,1
79958a1e-67d4-4a7d-a725-542bf3c34c66,40,14643,36,20,64,0,0
6fa60cf0-c533-41fb-8800-58f56a0ea1d7,54,4734,56,42,92,0,1
ec2f9675-0703-42f3-b8da-226d095da122,54,3631,43,12,85,0,0
82436708-e265-4712-86ed-78f95ed02476,27,11756,20,36,79,0,1
5fa7dba5-2628-46d0-9130-f426cf9e4482,27,15278,18,32,40,0,1
9c01fb9c-9db7-4c40-a4a5-837ba92e1bb5,36,14106,58,23,50,0,1
3052c5ff-8e62-4ef7-8303-96a8a45a0f86,34,4892,43,43,70,0,0
cde3aa7d-014f-4023-b728-05f31afab130,38,7948,57,10,77,0,0
b558573c-8c98-45df-82f2-e170d502b0f3,31,13488,21,16,28,0,1
b2af00dc-0852-4505-bb94-4d6795ee0ffd,26,2147,4,3,82,0,0
a0d9e713-38a1-4487-9393-7c78c7c44e99,63,18171,50,46,18,0,0
b2c1ea39-881a-4d77-bdee-98dcebfa6a58,18,12349,33,24,65,1,1
7bc8e10c-210c-4cba-9af3-45f5eef8418e,62,7242,27,29,40,0,1
7931d610-75b7-487c-9ce6-f4ceb0f50848,30,12601,7,8,44,0,1
1b93b1bb-992f-44b9-82be-e9f5c175b492,21,14667,6,20,14,0,0
91c6c258-d72c-443b-a661-43abaa83e6b5,18,10990,15,19,2,0,1
b6fddf2c-b392-4d0d-a468-aa8277113af9,57,7794,18,18,10,0,1
792510b7-b0a3-4858-8637-1a66d39c28e9,49,17153,32,18,52,0,0
3b6cbf4b-9b9b-4226-a851-bb5d8c8fcde8,51,7413,56,11,45,0,0
fc4ce876-8605-49c4-b1dd-f563d315339d,45,15512,11,36,29,0,0
e23b43a8-c35d-4b93-9628-baa1f8e4ede3,48,12070,20,41,56,1,0
b1d3da28-0178-43e8-a59e-0bb55c824a09,25,18477,24,16,17,0,1
de163262-3129-4f63-bbd5-d5f152f350b3,56,7617,15,36,50,0,0
c1be3736-c57c-4c3d-94a8-91f40b42a2a3,43,11017,48,47,47,1,1
f6ac4312-f3d7-438a-b852-cf88443cdddd,51,4696,7,38,65,0,1
4014cf0c-a44d-48a2-8f86-6ba3d23e3e4f,20,7634,21,27,95,0,0
e3d8785d-a029-4039-9a45-0278d5c4b388,29,17081,42,40,7,0,1
89e94b95-e7e8-49d2-a0b2-79e6eec28e2d,18,5086,26,34,21,0,0
e8775f15-5070-4903-8536-6c95b38fe1ac,61,11365,44,46,5,0,1
938865fe-1313-4036-a144-b3cb03e44d8e,22,15653,56,47,75,0,0
5174091c-78c0-4b87-aa00-ccc21a4883a7,47,19292,14,17,56,0,1
282acddf-1cbe-4c6b-b8ee-b7e5a8513cef,47,3260,57,13,35,0,0
5369fb09-cd49-4804-ae8d-a43b9d0f5cfc,34,19827,37,34,78,0,0
345512d9-b055-456c-8903-fd973dd4207d,64,2137,58,43,91,0,1
8940cc9e-fc51-43e8-96f4-0988d33946aa,40,19176,21,40,56,0,0
c68c502f-22d7-407e-855c-9bb50b5ec362,32,18858,18,6,48,1,0
4258b65a-3e21-416e-8ca7-429ddb6a9eb9,54,3457,5,40,44,0,0
efe6c57b-c555-492f-85ba-14cb64251964,38,17519,3,12,81,0,1
b6232b41-80b5-4c7a-b6b4-b8ccbcd6e126,31,2486,23,17,65,0,0
0c47599d-7537-46af-96a6-b219efdb4d6f,19,16364,26,36,76,0,0
03e86f5b-ea29-4216-990b-714e398f77dd,28,1799,37,12,44,0,0
f0240860-6979-4854-a5a1-11e2809afa90,56,16878,24,35,78,0,0
d150fc57-9a24-4d76-8886-a7d2fa148fe8,55,7780,49,30,19,1,0
8f58a160-69e1-4561-9080-ebf39866f151,51,2576,19,1,63,1,0
5423ad5b-5cd1-4d2f-ae0d-7df188e580f1,55,12242,51,15,92,0,0
d716f29c-10ca-413b-b845-8a64d090e469,51,6696,25,8,92,0,0
5e458738-2c5e-4218-924f-5376221bd5f5,35,8498,21,8,66,0,0
2e2007c7-2c97-4202-a996-349d5ea406fa,47,10718,12,37,82,0,1
547cde8d-732b-462b-b982-2086187f7786,32,2747,57,10,2,0,0
9344cf14-c636-4e30-b769-a283cbdbc622,44,9985,41,21,53,0,0
fbcdca96-bac2-4c60-bc1d-9000ab7e8316,51,3807,33,32,77,0,0
403b2bc9-e06f-4c9c-a597-f70149e5b0b8,55,2757,50,35,63,0,0
47902d2b-17d3-40fe-b4dd-ad9c815b03e8,50,6888,53,44,39,0,1
52c7bbcd-a4f3-4f6d-9358-d47497aa5e65,41,17688,4,22,58,1,0
7ab33dfa-7d5a-48a0-aee6-04b71e7d3799,32,1643,42,44,54,0,0
ad5b8b63-74d3-4321-9d02-4e6244cad2ae,47,14022,57,44,61,0,0
1609d934-981c-4085-8b60-ee49aab4c38d,59,16916,7,33,3,0,0
5e44bdf3-2faa-48c2-a983-efc1ed3040d9,34,8156,22,8,59,0,0
b9fa03f2-4adf-4888-8b1d-f57a8ff93161,22,8088,55,23,74,0,0
1ce378df-87f2-4ab9-a70a-8680906be26b,46,4767,33,7,94,0,0
7d40f023-4504-45af-a282-a6c243bec3f6,21,10628,17,6,95,0,1
d42bdbc7-a6e5-48bb-8f57-979d23db907b,27,9113,24,35,90,0,0
4a87b10b-4da9-4e3a-9c52-6e47c787a6ce,34,15123,34,17,29,0,0
c0d7d5e0-f3eb-4836-879c-2c887ca629e0,27,13633,28,2,1,0,1
049b38e7-411f-4193-a51c-958e048fdda2,34,7812,58,27,61,0,1
732529a2-7c31-4ab9-9ca4-960e776619b2,37,7275,43,5,48,1,0
a2f201f6-6bfb-4542-9ad9-c3de38f62a22,41,14113,41,43,8,0,1
5ff1c2cd-99ec-4b78-808d-37e62ba7aecc,22,3487,39,43,91,0,1
ed8a4a8b-7b37-4d0a-b7bd-57b1c421fce1,51,12503,22,20,30,0,0
4ae7af13-4ae6-4caa-8ef5-9c359c605ca1,23,18793,49,27,97,1,0
6de70da6-4ff8-4727-9d39-9b92a9d158fb,19,5988,17,39,60,0,0
af50bef9-8780-4c25-8a26-461517a3769f,30,11743,34,0,78,0,1
ec0d331b-1f24-4d6f-ba99-38995a0636fe,60,11074,6,35,47,0,0
46984332-e670-4ad3-b32d-b10a987ba6b4,60,10724,46,20,24,0,0
b56ab17e-c2fa-4c8f-92d1-a734b55c92f8,28,11509,6,42,35,0,1
4ddfed5d-3789-4569-acf2-4e66358bd988,64,9037,34,34,7,0,0
72bfe8a4-ad0f-48ba-9718-ca9fff86a546,40,15187,1,12,72,1,0
40086055-b945-4606-b460-f76fd1845535,33,6130,10,48,57,0,0
960cb059-0c4e-4ecb-a966-dee3327b0302,48,13891,21,9,44,0,0
3e042f86-b196-40a9-9d57-174d9c8a03de,28,19100,5,43,61,0,1
9d68d29c-183b-4e23-8a72-1c04b4fa979a,33,17070,2,46,38,0,0
bc264ed3-94b3-46f6-bb4d-c2e85fd2c0c9,25,16164,22,9,95,1,1
ca5fad15-2d01-4237-98cf-c9aaf446366a,21,6756,48,45,57,0,0
214e30a4-cd57-4bfb-be99-7d39e4dd80d6,57,17095,57,12,80,0,0
3d511088-8380-4169-90b9-38d59691c0b9,21,17022,2,36,98,0,1
93d8d494-d7e0-4ac1-a014-b8a7ff83e600,42,5237,10,37,82,0,0
34ef27ca-93ef-426c-a3e7-494042d34a7c,20,1820,34,23,63,0,0
966595dd-4768-4109-b611-a1996063af50,49,13662,16,1,43,0,0
7681dd1b-d28b-4963-8c36-3221504d48ae,20,18888,48,21,28,1,1
cbf202ee-3af9-4902-82a6-81758739c60c,44,11573,51,16,58,1,0
d4c70ad7-9058-43fb-93de-084568695a67,46,5958,39,35,70,0,0
3ba48186-2521-443c-8d84-2f3e2f79b668,49,4590,22,13,91,1,0
d219f571-1c88-4f6a-a62e-45aa4047cb54,36,15116,12,9,8,0,0
f31d3632-a6a3-4d7f-83e7-d38100248650,38,15805,24,34,91,0,1
a42e3ac4-dc09-491a-ad74-6c073201626b,22,15483,47,24,5,0,0
2f9c46bb-5885-4598-b88f-53f729538d9d,35,11037,40,2,28,0,0
d677fd8d-62cf-4ee7-8527-e866e1c0fee3,45,14898,38,46,57,0,0
62b7e76c-1f65-49ef-a883-809a92f660e9,59,13383,59,37,16,0,0
02feb746-135d-41d1-85ed-38607aef3f63,39,9643,10,16,15,0,1
d165d9dd-8cae-4aae-b758-10636b33f628,38,4809,35,11,86,0,0
bb822316-9a90-4814-8483-a1d665975827,23,5551,51,23,94,0,1
40d823c9-a888-4b45-b4de-9a8a58623472,18,6623,49,28,2,0,0
5bb636f1-c600-44a8-98e2-0e68202d38e2,22,18605,32,42,20,0,0
395319f7-b9b6-446c-af0b-a7f59742b778,58,9651,7,24,63,0,1
02579a93-d4ff-425c-a804-03c48738dc5d,29,18476,21,35,89,0,0
bc592ba2-5270-4724-b24d-d12ff6da454e,43,7222,20,25,35,0,1
3216e1b8-6a9f-4e9a-938a-522499831155,63,9366,26,37,85,1,1
c16a3f3d-0acc-4c57-84b9-a6c98680f035,51,14493,4,0,61,0,0
423ccc28-aedc-4b96-9aa1-6aad53cbccec,31,8442,46,19,41,0,0
2d65283c-b8b7-4b0c-b972-a7b674229f1b,43,2006,52,27,75,1,1
6b21adec-42ee-4125-a0db-874de71216ad,62,8632,22,15,41,0,0
c1c16a1c-7dd5-4428-bdc2-29db0b7f85d6,44,17258,15,46,60,0,0
bebbe199-af7d-4b3c-923e-9e0059118991,26,4691,56,16,12,0,0
a4f94436-700b-4628-8e83-49de5dd15453,43,3185,40,39,10,1,0
af9f6467-6559-4615-aa8d-422d1b82c4d9,64,5632,21,27,53,0,1
d9ce500c-cc23-415f-92e1-6d575616038d,39,5071,15,11,15,0,0
2b91d47a-5913-408a-ac89-e9e21d6c5584,64,9279,22,26,7,0,0
eee9f8d2-3654-40e3-99ae-85e157241ad5,47,2518,52,41,58,0,0
24736841-7a59-46b8-97e7-69b4b5653253,60,17156,28,46,56,0,0
9a44bff1-bbf8-4b33-9248-d6d9a1be06f8,34,19290,14,29,39,0,0
a4645b65-b5d8-4727-909d-1f95a18d3f11,43,6968,27,40,58,0,1
26db3fa8-4bf9-4ea3-8792-7853bde5bb03,53,5230,41,33,1,1,0
44a45179-9284-4ce7-80ab-352b38127bb7,18,2885,40,36,93,0,1
9572f348-21ad-46bb-b5d0-b675883809b9,25,9707,58,5,93,0,1
73e24081-d489-42b0-8c9f-d60500c97a92,52,10531,28,6,75,1,0
45915495-ecb6-4a0b-921d-ffe37a3b5215,32,18356,26,31,9,0,0
2e3a1bff-93ff-44ed-a7a1-5804c6339724,64,5244,49,31,43,0,0
2784a665-12d0-4c87-b173-ec398694fe40,39,6324,2,24,10,0,0
86659bfb-ce3f-4826-9ecc-c34e2e5cffcf,31,3708,25,32,78,1,1
cf0a25c4-ea44-415f-b5ee-63c3881cb637,43,10626,56,6,79,0,1
b99abe4b-bb79-4771-b839-4571aede199f,45,13696,3,11,80,0,0
fa4ea70e-4bb5-4344-88e2-6ab117075014,40,4393,8,15,89,1,0
4dd1e15d-7334-4298-ab3b-c006a5b0a1ee,31,7110,44,15,1,0,1
e2f81a21-5b87-4b86-89ac-0136034887f8,41,19342,33,42,49,1,1
493b97ec-740f-4397-aa3f-cc3c8e599cb8,19,14110,42,35,11,1,0
46d615d3-065d-4e69-9c60-e1d2662953f4,62,10445,52,12,89,0,0
9dff8e86-d574-4085-9c13-6bba80af66b0,43,15955,35,6,22,0,0
e3132453-920e-44ab-9681-3f46c476d017,31,13048,6,35,17,0,1
0697913d-aa2a-425d-8140-68ba024103c8,24,8528,39,46,61,0,0
190c5865-1d01-40b7-8c28-e7cccdbf6617,20,12725,52,8,95,0,0
93de174c-1514-405a-81e8-c51785abe1fb,64,4507,23,31,61,0,0
dbcee658-c463-4b51-af95-c8a8797afe40,40,13558,25,10,37,1,0
62da383d-baef-449f-a50e-94cb89cd20e8,63,10736,59,7,66,0,0
568ee921-51ec-419d-b896-3011f1b1c894,60,7989,50,32,37,0,1
d30dbf92-ef3f-438f-85a6-a1d1a0a5b279,64,4381,43,22,66,1,0
60cc6375-5d3c-4d58-8525-2d0e3fc0b7b0,62,12211,19,24,93,1,0
f3ac1034-1008-4bea-8c93-6ad04aaf3cc2,35,2695,5,7,60,0,0
9533c5a6-38a1-4247-9c25-dbd64ef48f65,55,6278,51,44,0,1,0
0c5bde04-31e4-4238-ab1c-10b6088eb5af,52,1529,11,21,93,0,0
17201596-b251-4979-a2e4-d068ee880422,32,17871,56,3,44,1,0
b95d2026-4158-4331-85b8-425364c0e640,42,13074,12,39,95,0,0
167e4b46-d2c2-4d66-a65b-e4683dd6adbe,54,13081,10,2,27,0,0
2ee6f34c-1fd2-4cd3-b64c-f62fb188efae,45,15569,8,28,20,0,0
78fe0700-7793-49ee-8e4e-4726cdb1144f,27,12540,24,40,12,0,0
df070f11-ea0b-4610-b5ea-a267039ec1a9,56,9752,28,28,26,0,1
8e3752a2-7f15-4ccc-857a-d3a0f5710a06,34,17691,41,33,99,0,1
08a09e89-dd4c-4963-9174-641c00a0dbec,56,14696,36,33,6,0,0
eff9b56e-9252-43e7-baf4-9596972b484f,39,8088,37,27,21,1,0
a93573c5-6fb7-4664-ad7a-4229e0f25025,43,1924,21,12,73,0,1
7d9b1a75-ed3b-4c9e-9078-3e33f7ced982,61,10724,8,14,52,0,0
59c55bd4-f5ac-48a7-ac43-877510ebd0b8,42,5949,55,22,78,0,1
ac4b64a2-4858-435e-abaf-595e42a73d8c,34,8060,9,43,78,0,1
fd27323b-5aa2-4e29-8f1d-d24136643311,30,10424,47,25,3,1,0
d8c5e9bd-d9c3-43c6-8f03-2e8c60085e98,37,5664,15,3,95,1,0
ed5002c0-d994-4cb7-9bac-073392419a91,42,13564,48,25,22,0,1
76d2f813-1db4-4031-9069-a3f3dc94ff28,21,14129,46,39,69,0,0
440e3fb9-e2b5-4053-8c33-8ff3b01c0ca3,27,14594,40,8,87,0,0
f5158b54-9dc6-4618-b565-473fa77a41ff,20,18042,18,4,83,0,0
547625b2-f6fd-40e5-a96f-373a1d33e003,58,6400,42,31,83,1,0
8fb56624-e683-43f0-8485-b243bb075d3c,62,15631,20,19,75,0,0
196c0728-765a-4bb8-87c7-db6b84bd8e35,35,15163,6,49,32,0,1
7e14221a-a9d4-4ea1-9954-e8a76c6c0705,64,7530,12,10,27,0,1
0b768acc-a77b-4761-b45a-dff5e1c14453,53,18865,2,14,7,0,0
ec2e06fb-0e7c-47fe-9bfe-c609a0e7ca85,64,8669,7,31,0,1,0
b2e3e41e-5c4b-48b2-9596-f73ab6b626c3,39,5128,16,27,36,0,0
e1800b9a-7574-4ef2-bb60-db94c33eed08,51,11402,3,21,62,0,0
fb4e6f75-ea15-42bf-be65-16f6bf2efad5,64,8412,45,40,21,0,0
d15523e8-c7af-48f0-8321-f6c24731f2de,25,14985,3,16,69,0,1
6d47021b-7631-40a1-9cd2-27f49e43daa5,57,18007,27,25,20,0,1
226071c6-b278-4e6b-9860-206f4935a5ea,61,11391,50,43,95,0,0
376c421b-5d8d-4722-9726-d42fd67cab50,36,13807,43,6,34,0,0
624ade7c-e4c2-4a8d-830c-fe80ed191f8c,59,13726,40,41,78,0,0
224064ff-1f9a-4fcb-a1ec-e98463889cfb,58,12346,38,25,4,0,0
e0b870ac-deb5-4aeb-9bac-2ba4a687d561,54,3655,33,24,59,0,0
39767437-c5b0-4925-bc00-c9353a4ea41a,23,2804,28,9,45,0,0
730da729-feb4-4041-a7d5-f1ecf7a70d10,43,17228,1,44,49,0,1
cb05421d-e335-4562-98ce-37af749e103e,51,12889,55,18,47,0,0
cee0433b-451a-47c1-b52a-f50e5f0e989a,62,17463,8,10,5,0,0
4658ce90-e2a4-421d-9a76-2f1f66bac2eb,23,8570,37,12,88,0,1
3ccd282b-c657-4813-be87-d441f4fab894,54,5172,32,7,55,0,0
c6fc7642-4c8c-4212-873f-329f6856f75b,50,17118,48,39,58,0,0
a4f9daf8-bec3-4e9d-b6be-af9efe5c419c,39,10154,43,3,28,0,0
823b0a2a-a0eb-4e3a-960e-c48e6301ce99,38,7959,37,46,70,0,0
22647f13-8a59-41e7-ae90-46c1426717b5,23,11185,4,30,76,0,1
148f6c3e-65aa-46d9-821b-fb45fc7cfa40,23,13667,30,27,17,0,0
bc97ab02-ad80-42f7-a243-1d3661109a3f,21,3316,6,10,1,0,1
8021a042-61ca-49c4-b22a-1233fd3c210f,47,11118,46,42,7,0,0
dad62214-9143-40d6-8c7f-22ccef4a6a7a,28,7013,54,0,74,1,0
55d1f902-489b-4305-8289-f79dda12cbf0,47,11418,19,48,96,0,1
b1d339e8-272b-459a-84b6-358cfc8774c9,48,15191,32,46,53,0,0
ed5b2d29-bd61-4b33-974d-e4b132c4853c,41,12648,9,37,37,0,0
d32b1ef3-f8bd-47db-9ce2-2dbc08b15dee,26,16740,12,23,47,0,0
76369ac4-7171-4247-9a67-ec8023243b75,20,2818,11,46,26,0,0
02e8b5a7-2cef-4003-aab8-2015a9ee48f3,48,10953,46,30,19,0,0
3fee771d-75d4-499f-b231-089a571fd7eb,57,6134,55,40,11,1,0
dcb50c09-35e2-44c8-95ef-74ed9c0153d4,54,17911,16,45,42,0,0
fba5d5f0-a9e7-4955-b794-f5609c9971b4,53,12135,1,49,60,1,0
52864a35-163c-4294-8831-e7a19f5f6f91,41,7270,45,25,30,0,1
e839508c-1d42-4367-9e74-a90768e2c21a,48,11370,55,48,90,0,0
655172bd-722a-4ec1-9d17-930ae5a09205,23,7813,53,49,95,0,1
1476c09d-a76a-44ce-a1c3-3a018ef6090f,19,18974,21,4,60,0,0
e086e6a2-931f-414d-a95a-f1c75826084c,37,4743,30,19,73,0,0
61906e63-4074-42e9-94f4-68bcf5d4a583,45,2834,13,40,66,0,1
6d252f0a-f1e8-4d6a-ad39-e4ea0d25c198,28,13855,34,10,90,0,0
a6639ef9-a728-45d5-8e6d-c97e576f086e,21,8325,4,32,34,1,1
1e2a3b7e-16b7-4a16-af42-c7f20182837f,32,5201,28,49,94,1,0
c18529e5-18c2-4d13-a17f-4931924cbc46,23,8745,38,37,14,0,0
bf0a75f9-4bd4-4c3f-a909-1ac607d792fd,47,4791,58,26,15,0,0
5e972209-0d4f-40ff-b51d-4beebcd7d9a0,55,1663,31,33,12,0,0
dc4a4ac1-944e-4a82-a4e6-92de4b889413,19,6528,59,14,34,0,1
3722893c-d5b5-4308-b866-b30c1c10b925,32,17553,55,31,74,0,0
5a32e94e-4e0d-4d2b-8b91-b7ace410f4c6,28,4558,27,20,58,0,1
14e10b87-1369-4558-b861-66d328aaea3e,25,11172,5,45,20,0,1
95ef26a7-0dd2-4b16-b49e-ded19b545888,43,18384,25,4,53,0,0
69358c9e-2468-4fbf-8384-29abe57b16de,62,19151,3,5,74,1,0
8e093db1-6248-4b21-bfef-142133906b08,61,18532,33,37,29,0,1
c7368fe5-cf34-4de2-acf4-4a08100e4c0f,22,16514,4,21,47,1,1
7f2dfb63-fbf5-4c58-ac3e-a7cabaee2626,23,17854,25,17,34,0,0
2c249fff-b38b-4438-aa0d-7a8473da8192,43,10371,20,13,85,0,0
9502d1eb-9080-4532-a112-069c0559b05c,21,13213,34,9,37,0,0
192c0a99-6138-42ac-8c28-d07ad88e4f15,36,4370,26,45,30,0,0
92a168b5-dbf6-49ce-a75a-f7bab4ac7410,37,17532,5,12,77,0,0
20f9b88a-baa8-42dc-9d57-994622c2c610,50,2505,35,30,23,0,1
8424f59c-b398-45e2-9e57-ab0df7a59934,37,9140,28,29,48,0,0
b92c2949-5e90-4b3d-94a9-f3946f56a302,29,10678,29,2,95,0,0
e64c2f2f-8183-4da0-a579-0b15b06a759f,64,19002,9,29,99,0,0
9a38be9f-5c9d-451a-acce-1c900178c02c,18,8170,52,5,31,0,0
9073ace2-7504-43a5-82a7-20cc7371e2ae,43,8939,38,28,54,0,0
37ec0d52-1d28-4bac-973d-ef091cfd52f0,31,2287,50,7,78,0,0
e875845a-7608-4056-867d-a92cfdd55205,55,19245,6,43,57,0,0
680d247a-68b0-4d09-ae75-e65f97097779,54,15632,19,44,98,0,0
76f36568-0c7d-4c8d-a2c9-366e4fc5505c,28,5876,44,42,2,1,0
89907190-abdc-4825-8831-9e227005edcd,53,13061,57,43,79,0,1
661735c2-2d89-47d5-ae6a-77d5a3f1f22e,30,7217,11,32,68,0,0
bdf1a211-70f4-4023-b97a-8b3053b8bd3c,60,19143,2,16,84,0,0
4bc30a24-c5fa-47b8-82f5-fcd7f127cd6c,20,2643,47,47,9,0,0
2c228054-4cc2-4712-97e5-1b80c30924b2,50,12311,44,10,82,0,1
0e433430-345d-449d-8984-8da3e4aa0195,23,8282,44,12,24,0,0
57b06190-e7a8-4717-8812-d244972381a9,27,13841,9,49,67,0,0
a7825430-1f0d-4014-a157-d9fe43d6910d,22,14549,21,10,60,0,1
7fc29c42-4c9a-4c8b-8afc-278be8e1f539,40,15570,24,30,28,0,0
393b3ef5-44c1-4eca-bdcc-4d5c7cf30f15,27,14158,34,27,18,0,0
4145ec72-d112-406b-b3fd-960b39338ebd,61,9361,22,43,42,0,0
f68988e6-a97f-40fc-a80f-e92e9cbdc84b,19,15728,3,5,65,1,0
